{"cameraMode":{"drawMode":0,"name":"Shaded","section":"Shading Mode"},"sceneLighting":true,"audioPlay":false,"sceneViewState":{"showFog":false,"showMaterialUpdate":false,"showSkybox":false,"showFlares":false,"showImageEffects":false,"showParticleSystems":false},"in2DMode":false,"pivot":{"x":-26.315427780151368,"y":1.5471515655517579,"z":4.7684006690979},"rotation":{"x":0.4119601249694824,"y":-0.3718213737010956,"z":0.193752720952034,"w":0.8093695640563965},"size":21.69904327392578,"orthographic":false}