{"cameraMode":{"drawMode":0,"name":"Shaded","section":"Shading Mode"},"sceneLighting":true,"audioPlay":false,"sceneViewState":{"showFog":false,"showMaterialUpdate":false,"showSkybox":false,"showFlares":false,"showImageEffects":false,"showParticleSystems":false},"in2DMode":false,"pivot":{"x":-0.09524419903755188,"y":1.9090337753295899,"z":-0.2811172604560852},"rotation":{"x":0.18474756181240083,"y":-0.5313695073127747,"z":0.15726156532764436,"w":0.8123569488525391},"size":4.8297505378723148,"orthographic":true}