{"cameraMode":{"drawMode":0,"name":"Shaded","section":"Shading Mode"},"sceneLighting":false,"audioPlay":false,"sceneViewState":{"showFog":false,"showMaterialUpdate":false,"showSkybox":false,"showFlares":false,"showImageEffects":false,"showParticleSystems":false},"in2DMode":false,"pivot":{"x":0.30688148736953738,"y":0.05518072843551636,"z":-0.0100480318069458},"rotation":{"x":-0.2719922959804535,"y":-0.12314075231552124,"z":0.03511757031083107,"w":-0.953742265701294},"size":1.6862244606018067,"orthographic":false}