{"cameraMode":{"drawMode":0,"name":"Shaded","section":"Shading Mode"},"sceneLighting":false,"audioPlay":false,"sceneViewState":{"showFog":false,"showMaterialUpdate":false,"showSkybox":false,"showFlares":false,"showImageEffects":false,"showParticleSystems":false},"in2DMode":false,"pivot":{"x":-70.94803619384766,"y":4.061184883117676,"z":-12.188356399536133},"rotation":{"x":-0.16757336258888246,"y":-0.0066602956503629688,"z":-0.025005599483847619,"w":-0.9860879182815552},"size":1.6373242139816285,"orthographic":true}