{"cameraMode":{"drawMode":0,"name":"Shaded","section":"Shading Mode"},"sceneLighting":false,"audioPlay":false,"sceneViewState":{"showFog":false,"showMaterialUpdate":false,"showSkybox":false,"showFlares":false,"showImageEffects":false,"showParticleSystems":false},"in2DMode":false,"pivot":{"x":0.4808349609375,"y":2.684326171875,"z":0.51416015625},"rotation":{"x":0.1153063252568245,"y":-0.0710243433713913,"z":0.007899635471403599,"w":0.9909856915473938},"size":2.8578834533691408,"orthographic":true}