{"cameraMode":{"drawMode":0,"name":"Shaded","section":"Shading Mode"},"sceneLighting":true,"audioPlay":false,"sceneViewState":{"showFog":false,"showMaterialUpdate":false,"showSkybox":false,"showFlares":false,"showImageEffects":false,"showParticleSystems":false},"in2DMode":false,"pivot":{"x":0.179412841796875,"y":3.56976318359375,"z":4.4892578125},"rotation":{"x":-0.12147501111030579,"y":0.1525784730911255,"z":-0.04751184582710266,"w":-0.9802267551422119},"size":2.91697096824646,"orthographic":true}