{"cameraMode":{"drawMode":0,"name":"Shaded","section":"Shading Mode"},"sceneLighting":true,"audioPlay":false,"sceneViewState":{"showFog":false,"showMaterialUpdate":false,"showSkybox":false,"showFlares":false,"showImageEffects":false,"showParticleSystems":false},"in2DMode":false,"pivot":{"x":1.0602699518203736,"y":-1.2354917526245118,"z":12.17593002319336},"rotation":{"x":0.24313728511333466,"y":-0.04101667180657387,"z":0.0158204548060894,"w":0.9693248271942139},"size":22.56503677368164,"orthographic":false}