{"cameraMode":{"drawMode":0,"name":"Shaded","section":"Shading Mode"},"sceneLighting":true,"audioPlay":false,"sceneViewState":{"showFog":false,"showMaterialUpdate":false,"showSkybox":false,"showFlares":false,"showImageEffects":false,"showParticleSystems":false},"in2DMode":false,"pivot":{"x":-40.319419860839847,"y":2.81402587890625,"z":9.994210243225098},"rotation":{"x":0.5828324556350708,"y":-0.12128973752260208,"z":0.09515754133462906,"w":0.7982376217842102},"size":75.6612777709961,"orthographic":false}