{"cameraMode":{"drawMode":0,"name":"Shaded","section":"Shading Mode"},"sceneLighting":true,"audioPlay":false,"sceneViewState":{"showFog":false,"showMaterialUpdate":false,"showSkybox":false,"showFlares":false,"showImageEffects":false,"showParticleSystems":false},"in2DMode":false,"pivot":{"x":-3.74755859375,"y":-1.767578125,"z":5.691398620605469},"rotation":{"x":-0.27246424555778506,"y":-0.6499955654144287,"z":0.27353617548942568,"w":-0.6548020243644714},"size":3.3389880657196047,"orthographic":true}