{"cameraMode":{"drawMode":0,"name":"Shaded","section":"Shading Mode"},"sceneLighting":false,"audioPlay":false,"sceneViewState":{"showFog":false,"showMaterialUpdate":false,"showSkybox":false,"showFlares":false,"showImageEffects":false,"showParticleSystems":false},"in2DMode":false,"pivot":{"x":-41.0982551574707,"y":21.053390502929689,"z":-17.084022521972658},"rotation":{"x":0.2608523368835449,"y":0.5589297413825989,"z":-0.1851685345172882,"w":0.7654165625572205},"size":1.4214247465133668,"orthographic":false}