{"cameraMode":{"drawMode":0,"name":"Shaded","section":"Shading Mode"},"sceneLighting":false,"audioPlay":false,"sceneViewState":{"showFog":false,"showMaterialUpdate":false,"showSkybox":false,"showFlares":false,"showImageEffects":false,"showParticleSystems":false},"in2DMode":false,"pivot":{"x":0.003756403923034668,"y":2.105236768722534,"z":-1.4901161193847657e-8},"rotation":{"x":-0.16757336258888246,"y":-0.0066602956503629688,"z":-0.025005599483847619,"w":-0.9860879182815552},"size":3.500544309616089,"orthographic":true}