{"cameraMode":{"drawMode":0,"name":"Shaded","section":"Shading Mode"},"sceneLighting":true,"audioPlay":false,"sceneViewState":{"showFog":false,"showMaterialUpdate":false,"showSkybox":false,"showFlares":false,"showImageEffects":false,"showParticleSystems":false},"in2DMode":false,"pivot":{"x":1.47998046875,"y":1.70556640625,"z":3.5564727783203127},"rotation":{"x":0.1454484611749649,"y":-0.6694450974464417,"z":0.14373601973056794,"w":0.7146045565605164},"size":1.305063247680664,"orthographic":true}