{"cameraMode":{"drawMode":0,"name":"Shaded","section":"Shading Mode"},"sceneLighting":true,"audioPlay":false,"sceneViewState":{"showFog":false,"showMaterialUpdate":false,"showSkybox":false,"showFlares":false,"showImageEffects":false,"showParticleSystems":false},"in2DMode":false,"pivot":{"x":0.70294189453125,"y":3.34228515625,"z":6.748046875},"rotation":{"x":0.08161477744579315,"y":-0.16769032180309297,"z":0.013559471815824509,"w":0.9825924634933472},"size":7.3742570877075199,"orthographic":true}