{"cameraMode":{"drawMode":0,"name":"Shaded","section":"Shading Mode"},"sceneLighting":false,"audioPlay":false,"sceneViewState":{"showFog":false,"showMaterialUpdate":false,"showSkybox":false,"showFlares":false,"showImageEffects":false,"showParticleSystems":false},"in2DMode":false,"pivot":{"x":0.0,"y":2.140860080718994,"z":-0.0024030208587646486},"rotation":{"x":-0.06721233576536179,"y":0.1567375808954239,"z":-0.03689337521791458,"w":-0.9852285981178284},"size":3.470287799835205,"orthographic":true}