{"cameraMode":{"drawMode":0,"name":"Shaded","section":"Shading Mode"},"sceneLighting":false,"audioPlay":false,"sceneViewState":{"showFog":false,"showMaterialUpdate":false,"showSkybox":false,"showFlares":false,"showImageEffects":false,"showParticleSystems":false},"in2DMode":false,"pivot":{"x":0.4000000059604645,"y":2.4000000953674318,"z":2.9800000190734865},"rotation":{"x":0.4067964553833008,"y":0.07442986965179444,"z":-0.03303930163383484,"w":0.9101342558860779},"size":0.2857882082462311,"orthographic":true}