{"cameraMode":{"drawMode":0,"name":"Shaded","section":"Shading Mode"},"sceneLighting":false,"audioPlay":false,"sceneViewState":{"showFog":false,"showMaterialUpdate":false,"showSkybox":false,"showFlares":false,"showImageEffects":false,"showParticleSystems":false},"in2DMode":false,"pivot":{"x":0.0,"y":2.0295727252960207,"z":-0.000004634261131286621},"rotation":{"x":-0.16757336258888246,"y":-0.0066602956503629688,"z":-0.025005599483847619,"w":-0.9860879182815552},"size":2.7943849563598635,"orthographic":true}