{"cameraMode":{"drawMode":0,"name":"Shaded","section":"Shading Mode"},"sceneLighting":true,"audioPlay":false,"sceneViewState":{"showFog":false,"showMaterialUpdate":false,"showSkybox":false,"showFlares":false,"showImageEffects":false,"showParticleSystems":false},"in2DMode":false,"pivot":{"x":0.293701171875,"y":3.1853485107421877,"z":2.368408203125},"rotation":{"x":0.02251637540757656,"y":-0.44805005192756655,"z":-0.011292943730950356,"w":-0.8936980962753296},"size":1.8934733867645264,"orthographic":true}