{"cameraMode":{"drawMode":0,"name":"Shaded","section":"Shading Mode"},"sceneLighting":true,"audioPlay":false,"sceneViewState":{"showFog":false,"showMaterialUpdate":false,"showSkybox":false,"showFlares":false,"showImageEffects":false,"showParticleSystems":false},"in2DMode":false,"pivot":{"x":0.44580078125,"y":3.730987548828125,"z":-3.23095703125},"rotation":{"x":-0.13996559381484986,"y":-0.5936567187309265,"z":0.08028922230005264,"w":-0.7890449166297913},"size":2.762514114379883,"orthographic":true}