{"cameraMode":{"drawMode":0,"name":"Shaded","section":"Shading Mode"},"sceneLighting":false,"audioPlay":false,"sceneViewState":{"showFog":false,"showMaterialUpdate":false,"showSkybox":false,"showFlares":false,"showImageEffects":false,"showParticleSystems":false},"in2DMode":false,"pivot":{"x":1.3917230367660523,"y":1.8607630729675294,"z":1.4763875007629395},"rotation":{"x":-0.29288825392723086,"y":-0.019506247714161874,"z":0.0059763770550489429,"w":-0.9559297561645508},"size":5.14523458480835,"orthographic":false}