{"cameraMode":{"drawMode":0,"name":"Shaded","section":"Shading Mode"},"sceneLighting":false,"audioPlay":false,"sceneViewState":{"showFog":false,"showMaterialUpdate":false,"showSkybox":false,"showFlares":false,"showImageEffects":false,"showParticleSystems":false},"in2DMode":false,"pivot":{"x":0.0,"y":0.019715219736099244,"z":-0.00000216066837310791},"rotation":{"x":0.2827480733394623,"y":0.11431583017110825,"z":-0.004071088507771492,"w":0.9529467821121216},"size":1.7451356649398804,"orthographic":true}