{"cameraMode":{"drawMode":0,"name":"Shaded","section":"Shading Mode"},"sceneLighting":true,"audioPlay":false,"sceneViewState":{"showFog":false,"showMaterialUpdate":false,"showSkybox":false,"showFlares":false,"showImageEffects":false,"showParticleSystems":false},"in2DMode":false,"pivot":{"x":-1.0933837890625,"y":3.775390625,"z":0.9208984375},"rotation":{"x":0.13319800794124604,"y":-0.0021225055679678919,"z":0.03247075155377388,"w":0.9911413192749023},"size":7.513226509094238,"orthographic":true}