{"cameraMode":{"drawMode":0,"name":"Shaded","section":"Shading Mode"},"sceneLighting":true,"audioPlay":false,"sceneViewState":{"showFog":false,"showMaterialUpdate":false,"showSkybox":false,"showFlares":false,"showImageEffects":false,"showParticleSystems":false},"in2DMode":false,"pivot":{"x":-0.463370680809021,"y":1.1299999952316285,"z":3.7417714595794679},"rotation":{"x":0.0762510746717453,"y":-0.05428251996636391,"z":0.011271608993411065,"w":0.9958896040916443},"size":2.838087797164917,"orthographic":true}