{"cameraMode":{"drawMode":0,"name":"Shaded","section":"Shading Mode"},"sceneLighting":true,"audioPlay":false,"sceneViewState":{"showFog":false,"showMaterialUpdate":false,"showSkybox":false,"showFlares":false,"showImageEffects":false,"showParticleSystems":false},"in2DMode":false,"pivot":{"x":-0.009499996900558472,"y":1.9988903999328614,"z":-0.017706066370010377},"rotation":{"x":0.17868581414222718,"y":-0.6808346509933472,"z":0.17724204063415528,"w":0.6879265904426575},"size":7.394247531890869,"orthographic":true}