{"cameraMode":{"drawMode":0,"name":"Shaded","section":"Shading Mode"},"sceneLighting":true,"audioPlay":false,"sceneViewState":{"showFog":false,"showMaterialUpdate":false,"showSkybox":false,"showFlares":false,"showImageEffects":false,"showParticleSystems":false},"in2DMode":false,"pivot":{"x":1.1770000457763672,"y":0.0,"z":1.4259999990463257},"rotation":{"x":-0.25471383333206179,"y":-0.5111398696899414,"z":0.16415077447891236,"w":-0.8045135736465454},"size":1.1431536674499512,"orthographic":true}