{"cameraMode":{"drawMode":0,"name":"Shaded","section":"Shading Mode"},"sceneLighting":false,"audioPlay":false,"sceneViewState":{"showFog":false,"showMaterialUpdate":false,"showSkybox":false,"showFlares":false,"showImageEffects":false,"showParticleSystems":false},"in2DMode":false,"pivot":{"x":-30.65077781677246,"y":3.845555305480957,"z":6.796724319458008},"rotation":{"x":0.2608523368835449,"y":0.5589297413825989,"z":-0.1851685345172882,"w":0.7654165625572205},"size":1.4214234352111817,"orthographic":false}