{"cameraMode":{"drawMode":0,"name":"Shaded","section":"Shading Mode"},"sceneLighting":true,"audioPlay":false,"sceneViewState":{"showFog":false,"showMaterialUpdate":false,"showSkybox":false,"showFlares":false,"showImageEffects":false,"showParticleSystems":false},"in2DMode":false,"pivot":{"x":0.9160842895507813,"y":2.95068359375,"z":0.1051025390625},"rotation":{"x":0.41266754269599917,"y":0.03163916617631912,"z":0.019983502104878427,"w":0.9107489585876465},"size":1.1484867334365845,"orthographic":true}