{"cameraMode":{"drawMode":0,"name":"Shaded","section":"Shading Mode"},"sceneLighting":true,"audioPlay":false,"sceneViewState":{"showFog":false,"showMaterialUpdate":false,"showSkybox":false,"showFlares":false,"showImageEffects":false,"showParticleSystems":false},"in2DMode":false,"pivot":{"x":0.00590776652097702,"y":2.8941948413848879,"z":0.14425477385520936},"rotation":{"x":-0.2956792414188385,"y":0.11708962917327881,"z":-0.04087607190012932,"w":-0.9475171566009522},"size":0.17518848180770875,"orthographic":false}