{"cameraMode":{"drawMode":0,"name":"Shaded","section":"Shading Mode"},"sceneLighting":true,"audioPlay":false,"sceneViewState":{"showFog":false,"showMaterialUpdate":false,"showSkybox":false,"showFlares":false,"showImageEffects":false,"showParticleSystems":false},"in2DMode":false,"pivot":{"x":0.412445068359375,"y":6.8818359375,"z":-1.0859375},"rotation":{"x":-0.16956789791584016,"y":-0.03020520694553852,"z":-0.016889965161681176,"w":-0.9854660034179688},"size":6.469361782073975,"orthographic":true}