{"cameraMode":{"drawMode":0,"name":"Shaded","section":"Shading Mode"},"sceneLighting":true,"audioPlay":false,"sceneViewState":{"showFog":false,"showMaterialUpdate":false,"showSkybox":false,"showFlares":false,"showImageEffects":false,"showParticleSystems":false},"in2DMode":false,"pivot":{"x":0.7723137736320496,"y":1.266337275505066,"z":2.1167209148406984},"rotation":{"x":-0.018614312633872033,"y":-0.02386065386235714,"z":-0.012604550458490849,"w":-0.9998743534088135},"size":6.018791198730469,"orthographic":true}