{"cameraMode":{"drawMode":0,"name":"Shaded","section":"Shading Mode"},"sceneLighting":true,"audioPlay":false,"sceneViewState":{"showFog":false,"showMaterialUpdate":false,"showSkybox":false,"showFlares":false,"showImageEffects":false,"showParticleSystems":false},"in2DMode":false,"pivot":{"x":0.0,"y":3.100627899169922,"z":100.13999938964844},"rotation":{"x":-0.1408669650554657,"y":0.013312174938619137,"z":-0.0009618810145184398,"w":-0.990147054195404},"size":526.1368408203125,"orthographic":true}