{"cameraMode":{"drawMode":0,"name":"Shaded","section":"Shading Mode"},"sceneLighting":true,"audioPlay":false,"sceneViewState":{"showFog":false,"showMaterialUpdate":false,"showSkybox":false,"showFlares":false,"showImageEffects":false,"showParticleSystems":false},"in2DMode":false,"pivot":{"x":3.5999999046325685,"y":3.556640625,"z":2.4100000858306886},"rotation":{"x":-0.16383402049541474,"y":0.6309272050857544,"z":-0.1386559009552002,"w":-0.7456037998199463},"size":2.5059733390808107,"orthographic":true}