{"cameraMode":{"drawMode":0,"name":"Shaded","section":"Shading Mode"},"sceneLighting":true,"audioPlay":false,"sceneViewState":{"showFog":false,"showMaterialUpdate":false,"showSkybox":false,"showFlares":false,"showImageEffects":false,"showParticleSystems":false},"in2DMode":false,"pivot":{"x":-38.15382385253906,"y":-8.077682495117188,"z":0.9428767561912537},"rotation":{"x":0.22594135999679566,"y":-0.6836296319961548,"z":0.24220280349254609,"w":0.6507678031921387},"size":28.854604721069337,"orthographic":false}