{"cameraMode":{"drawMode":0,"name":"Shaded","section":"Shading Mode"},"sceneLighting":false,"audioPlay":false,"sceneViewState":{"showFog":false,"showMaterialUpdate":false,"showSkybox":false,"showFlares":false,"showImageEffects":false,"showParticleSystems":false},"in2DMode":false,"pivot":{"x":-25.2238712310791,"y":1.8400413990020753,"z":3.533447742462158},"rotation":{"x":0.19188719987869264,"y":0.35629644989967348,"z":-0.07458926737308502,"w":0.9116631150245667},"size":1.9032821655273438,"orthographic":true}