{"cameraMode":{"drawMode":0,"name":"Shaded","section":"Shading Mode"},"sceneLighting":false,"audioPlay":false,"sceneViewState":{"showFog":false,"showMaterialUpdate":false,"showSkybox":false,"showFlares":false,"showImageEffects":false,"showParticleSystems":false},"in2DMode":false,"pivot":{"x":-25.316638946533204,"y":2.4922080039978029,"z":8.857290267944336},"rotation":{"x":0.3222373127937317,"y":0.27380141615867617,"z":-0.09334543347358704,"w":0.9017086625099182},"size":0.9601354598999023,"orthographic":false}