{"cameraMode":{"drawMode":0,"name":"Shaded","section":"Shading Mode"},"sceneLighting":false,"audioPlay":false,"sceneViewState":{"showFog":false,"showMaterialUpdate":false,"showSkybox":false,"showFlares":false,"showImageEffects":false,"showParticleSystems":false},"in2DMode":false,"pivot":{"x":-31.17212677001953,"y":0.37401384115219118,"z":-3.564089298248291},"rotation":{"x":0.3222373127937317,"y":0.27380141615867617,"z":-0.09334543347358704,"w":0.9017086625099182},"size":2.77885365486145,"orthographic":false}